Filename,Label
clip0.wav,5.726
clip1.wav,5.517
clip2.wav,5.307
clip3.wav,5.098
clip4.wav,4.888
clip5.wav,4.679
clip6.wav,4.47
clip7.wav,4.26
clip8.wav,4.051
clip9.wav,3.841
clip10.wav,3.632
clip11.wav,3.422
clip12.wav,3.213
clip13.wav,3.004
clip14.wav,2.794
clip15.wav,2.585
clip16.wav,2.375
clip17.wav,2.166
clip18.wav,1.956
clip19.wav,1.747
clip20.wav,1.537
clip21.wav,1.328
clip22.wav,1.119
clip23.wav,0.909
clip24.wav,0.7
clip25.wav,0.49
clip26.wav,0.281
clip27.wav,0.071
clip28.wav,6.145
clip29.wav,0.393
clip30.wav,0.183
clip31.wav,6.257
clip32.wav,6.047
clip33.wav,5.838
clip34.wav,5.629
clip35.wav,5.419
clip36.wav,5.21
clip37.wav,5
clip38.wav,4.791
clip39.wav,4.581
clip40.wav,4.372
clip41.wav,4.163
clip42.wav,3.953
clip43.wav,3.744
clip44.wav,3.534
clip45.wav,3.325
clip46.wav,3.115
clip47.wav,2.906
clip48.wav,2.696
clip49.wav,2.487
clip50.wav,2.278
clip51.wav,2.068
clip52.wav,1.859
clip53.wav,1.649
clip54.wav,1.44
clip55.wav,1.23
clip56.wav,1.021
clip57.wav,0.812
clip29.wav,2.136
clip30.wav,1.926
clip31.wav,1.717
clip32.wav,1.507
clip33.wav,1.298
clip34.wav,1.089
clip35.wav,0.879
clip36.wav,0.67
clip37.wav,0.46
clip38.wav,0.251
clip39.wav,0.041
clip40.wav,6.115
clip41.wav,5.906
clip42.wav,5.696
clip43.wav,5.487
clip44.wav,5.277
clip45.wav,5.068
clip46.wav,4.858
clip47.wav,4.649
clip48.wav,4.44
clip49.wav,4.23
clip50.wav,4.021
clip51.wav,3.811
clip52.wav,3.602
clip53.wav,3.392
clip54.wav,3.183
clip55.wav,2.973
clip56.wav,2.764
clip57.wav,2.555
clip58.wav,1.466
clip59.wav,1.256
clip60.wav,1.047
clip61.wav,0.837
clip62.wav,0.628
clip63.wav,0.418
clip64.wav,0.209
clip65.wav,6.283
clip66.wav,6.073
clip67.wav,5.864
clip68.wav,5.654
clip69.wav,5.445
clip70.wav,5.236
clip71.wav,5.026
clip72.wav,4.817
clip73.wav,4.607
clip74.wav,4.398
clip75.wav,4.188
clip76.wav,3.979
clip77.wav,3.769
clip78.wav,3.56
clip79.wav,3.351
clip80.wav,3.141
clip81.wav,2.932
clip82.wav,2.722
clip83.wav,2.513
clip84.wav,2.303
clip85.wav,2.094
clip86.wav,1.885
clip87.wav,5.964
clip88.wav,6.174
clip89.wav,0.1
clip90.wav,0.309
clip91.wav,0.519
clip92.wav,0.728
clip93.wav,0.938
clip94.wav,1.147
clip95.wav,1.357
clip96.wav,1.566
clip97.wav,1.775
clip98.wav,1.985
clip99.wav,2.194
clip100.wav,2.404
clip101.wav,2.613
clip102.wav,2.823
clip103.wav,3.032
clip104.wav,3.242
clip105.wav,3.451
clip106.wav,3.66
clip107.wav,3.87
clip108.wav,4.079
clip109.wav,4.289
clip110.wav,4.498
clip111.wav,4.708
clip112.wav,4.917
clip113.wav,5.126
clip114.wav,5.336
clip115.wav,5.545
clip115.wav,0.922
clip116.wav,1.131
clip117.wav,1.34
clip118.wav,1.55
clip119.wav,1.759
clip120.wav,1.969
clip121.wav,2.178
clip122.wav,2.388
clip123.wav,2.597
clip124.wav,2.807
clip125.wav,3.016
clip126.wav,3.225
clip127.wav,3.435
clip128.wav,3.644
clip129.wav,3.854
clip130.wav,4.063
clip131.wav,4.273
clip132.wav,4.482
clip133.wav,4.692
clip134.wav,4.901
clip135.wav,5.11
clip136.wav,5.32
clip137.wav,5.529
clip138.wav,5.739
clip139.wav,5.948
clip140.wav,6.158
clip141.wav,0.084
clip142.wav,0.293
clip143.wav,0.503
clip145.wav,1.78
clip146.wav,1.849
clip147.wav,1.919
clip148.wav,1.989
clip149.wav,2.059
clip150.wav,2.129
clip151.wav,2.198
clip152.wav,2.268
clip153.wav,2.338
clip154.wav,2.408
clip155.wav,2.478
clip156.wav,2.548
clip157.wav,2.617
clip158.wav,2.687
clip159.wav,2.757
clip160.wav,2.827
clip161.wav,2.897
clip162.wav,2.966
clip163.wav,3.036
clip164.wav,3.106
clip165.wav,3.176
clip166.wav,3.246
clip167.wav,3.315
clip168.wav,3.385
clip169.wav,3.455
clip170.wav,3.525
clip171.wav,3.595
clip172.wav,3.665
clip173.wav,3.734
clip174.wav,3.804
clip175.wav,3.874
clip176.wav,3.944
clip177.wav,4.014
clip178.wav,4.083
clip179.wav,4.153
clip180.wav,4.223
clip181.wav,4.293
clip182.wav,4.363
clip183.wav,4.432
clip184.wav,4.502
clip185.wav,4.572
clip186.wav,4.642
clip187.wav,4.712
clip188.wav,4.782
clip189.wav,4.851
clip190.wav,4.921
clip191.wav,4.991
clip192.wav,5.061
clip193.wav,5.131
clip194.wav,5.2
clip195.wav,5.27
clip196.wav,5.34
clip197.wav,5.41
clip198.wav,5.48
clip199.wav,5.549
clip200.wav,5.619
clip201.wav,5.689
clip202.wav,5.759
clip203.wav,5.829
clip204.wav,5.899
clip205.wav,5.968
clip206.wav,6.038
clip207.wav,6.108
clip208.wav,6.178
clip209.wav,6.248
clip210.wav,0.034
clip211.wav,0.104
clip212.wav,0.174
clip213.wav,0.244
clip214.wav,0.313
clip215.wav,0.383
clip216.wav,0.453
clip217.wav,0.523
clip218.wav,0.593
clip219.wav,0.663
clip220.wav,0.732
clip221.wav,0.802
clip222.wav,0.872
clip223.wav,0.942
clip224.wav,1.012
clip225.wav,1.081
clip226.wav,1.151
clip227.wav,1.221
clip228.wav,1.291
clip229.wav,1.361
clip230.wav,1.431
clip231.wav,1.5
clip232.wav,1.57
clip232.wav,5.809
clip233.wav,6.018
clip234.wav,6.228
clip235.wav,0.154
clip236.wav,0.363
clip237.wav,0.573
clip238.wav,0.782
clip239.wav,0.992
clip240.wav,1.201
clip241.wav,1.411
clip242.wav,1.62
clip243.wav,1.829
clip244.wav,2.039
clip245.wav,2.248
clip246.wav,2.458
clip247.wav,2.667
clip248.wav,2.877
clip249.wav,3.086
clip250.wav,3.295
clip251.wav,3.505
clip252.wav,3.714
clip253.wav,3.924
clip254.wav,4.133
clip255.wav,4.343
clip256.wav,4.552
clip257.wav,4.762
clip258.wav,4.971
clip259.wav,5.18
clip260.wav,5.39
clip_piano261.wav,3.766
clip_piano262.wav,3.976
clip_piano263.wav,4.185
clip_piano264.wav,4.395
clip_piano265.wav,4.604
clip_piano266.wav,4.813
clip_piano267.wav,5.023
clip_piano268.wav,5.232
clip_piano269.wav,5.442
clip_piano270.wav,5.651
clip_piano271.wav,5.861
clip_piano272.wav,6.07
clip_piano273.wav,6.28
clip_piano274.wav,0.206
clip_piano275.wav,0.415
clip_piano276.wav,0.625
clip_piano277.wav,0.834
clip_piano278.wav,1.044
clip_piano279.wav,1.253
clip_piano280.wav,1.462
clip_piano281.wav,1.672
clip_piano282.wav,1.881
clip_piano283.wav,2.091
clip_piano284.wav,2.3
clip_piano285.wav,2.51
clip_piano286.wav,2.719
clip_piano287.wav,2.929
clip_piano288.wav,3.138
clip_piano289.wav,3.347
clip_piano290.wav,1.192
clip_piano291.wav,0.982
clip_piano292.wav,0.773
clip_piano293.wav,0.564
clip_piano294.wav,0.354
clip_piano295.wav,0.145
clip_piano296.wav,6.218
clip_piano297.wav,6.009
clip_piano298.wav,5.8
clip_piano299.wav,5.59
clip_piano300.wav,5.381
clip_piano301.wav,5.171
clip_piano302.wav,4.962
clip_piano303.wav,4.752
clip_piano304.wav,4.543
clip_piano305.wav,4.334
clip_piano306.wav,4.124
clip_piano307.wav,3.915
clip_piano308.wav,3.705
clip_piano309.wav,3.496
clip_piano310.wav,3.286
clip_piano311.wav,3.077
clip_piano312.wav,2.867
clip_piano313.wav,2.658
clip_piano314.wav,2.449
clip_piano315.wav,2.239
clip_piano316.wav,2.03
clip_piano317.wav,1.82
clip_piano318.wav,1.611
clip_piano319.wav,3.439
clip_piano320.wav,3.418
clip_piano321.wav,3.397
clip_piano322.wav,3.376
clip_piano323.wav,3.355
clip_piano324.wav,3.335
clip_piano325.wav,3.314
clip_piano326.wav,3.293
clip_piano327.wav,3.272
clip_piano328.wav,3.251
clip_piano329.wav,3.23
clip_piano330.wav,3.209
clip_piano331.wav,3.188
clip_piano332.wav,3.167
clip_piano333.wav,3.146
clip_piano334.wav,3.125
clip_piano335.wav,3.104
clip_piano336.wav,3.083
clip_piano337.wav,3.062
clip_piano338.wav,3.041
clip_piano339.wav,3.02
clip_piano340.wav,2.999
clip_piano341.wav,2.978
clip_piano342.wav,2.958
clip_piano343.wav,2.937
clip_piano344.wav,2.916
clip_piano345.wav,2.895
clip_piano346.wav,2.874
clip_piano347.wav,2.853
clip_piano348.wav,2.832
clip_piano349.wav,2.811
clip_piano350.wav,2.79
clip_piano351.wav,2.769
clip_piano352.wav,2.748
clip_piano353.wav,2.727
clip_piano354.wav,2.706
clip_piano355.wav,2.685
clip_piano356.wav,2.664
clip_piano357.wav,2.643
clip_piano358.wav,2.622
clip_piano359.wav,2.601
clip_piano360.wav,2.581
clip_piano361.wav,2.56
clip_piano362.wav,2.539
clip_piano363.wav,2.518
clip_piano364.wav,2.497
clip_piano365.wav,2.476
clip_piano366.wav,2.455
clip_piano367.wav,2.434
clip_piano368.wav,2.413
clip_piano369.wav,2.392
clip_piano370.wav,2.371
clip_piano371.wav,2.35
clip_piano372.wav,2.329
clip_piano373.wav,2.308
clip_piano374.wav,2.287
clip_piano375.wav,2.266
clip_piano376.wav,2.245
clip_piano377.wav,2.224
clip_piano378.wav,2.204
clip_piano379.wav,2.183
clip_piano380.wav,2.162
clip_piano381.wav,2.141
clip_piano382.wav,2.12
clip_piano383.wav,2.099
clip_piano384.wav,2.078
clip_piano385.wav,2.057
clip_piano386.wav,2.036
clip_piano387.wav,2.015
clip_piano388.wav,1.994
clip_piano389.wav,1.973
clip_piano390.wav,1.952
clip_piano391.wav,1.931
clip_piano392.wav,1.91
clip_piano393.wav,1.889
clip_piano394.wav,1.868
clip_piano395.wav,1.847
clip_piano396.wav,1.827
clip_piano397.wav,1.806
clip_piano398.wav,1.785
clip_piano399.wav,1.764
clip_piano400.wav,1.743
clip_piano401.wav,1.722
clip_piano402.wav,1.701
clip_piano403.wav,1.68
clip_piano404.wav,1.659
clip_piano405.wav,1.638
clip_piano406.wav,1.617
clip_piano407.wav,1.596
clip_piano408.wav,1.575
clip_piano409.wav,1.554
clip_piano410.wav,1.533
clip_piano411.wav,1.512
clip_piano412.wav,1.491
clip_piano413.wav,1.471
clip_piano414.wav,1.45
clip_piano415.wav,1.429
clip_piano416.wav,1.408
clip_piano417.wav,1.387
clip_piano418.wav,1.366
clip_piano419.wav,1.345
clip_piano420.wav,1.324
clip_piano421.wav,1.303
clip_piano422.wav,1.282
clip_piano423.wav,1.261
clip_piano424.wav,1.24
clip_piano425.wav,1.219
clip_piano426.wav,1.198
clip_piano427.wav,1.177
clip_piano428.wav,1.156
clip_piano429.wav,1.135
clip_piano430.wav,1.114
clip_piano431.wav,1.094
clip_piano432.wav,1.073
clip_piano433.wav,1.052
clip_piano434.wav,1.031
clip_piano435.wav,1.01
clip_piano436.wav,0.989
clip_piano437.wav,0.968
clip_piano438.wav,0.947
clip_piano439.wav,0.926
clip_piano440.wav,0.905
clip_piano441.wav,0.884
clip_piano442.wav,0.863
clip_piano443.wav,0.842
clip_piano444.wav,0.821
clip_piano445.wav,0.8
clip_piano446.wav,0.779
clip_piano447.wav,0.758
clip_piano448.wav,0.737
clip_piano449.wav,0.717
clip_piano450.wav,0.696
clip_piano451.wav,0.675
clip_piano452.wav,0.654
clip_piano453.wav,0.633
clip_piano454.wav,0.612
clip_piano455.wav,0.591
clip_piano456.wav,0.57
clip_piano457.wav,0.549
clip_piano458.wav,0.528
clip_piano459.wav,0.507
clip_piano460.wav,0.486
clip_piano461.wav,0.465
clip_piano462.wav,0.444
clip_piano463.wav,0.423
clip_piano464.wav,0.402
clip_piano465.wav,0.381
clip_piano466.wav,0.36
clip_piano467.wav,0.34
clip_piano468.wav,0.319
clip_piano469.wav,0.298
clip_piano470.wav,0.277
clip_piano471.wav,0.256
clip_piano472.wav,0.235
clip_piano473.wav,0.214
clip_piano474.wav,0.193
clip_piano475.wav,0.172
clip_piano476.wav,0.151
clip_piano477.wav,0.13
clip_piano478.wav,0.109
clip_piano479.wav,0.088
clip_piano480.wav,0.067
clip_piano481.wav,0.046
clip_piano482.wav,0.025
clip_piano483.wav,0.004
clip_piano484.wav,6.267
clip_piano485.wav,6.246
clip_piano486.wav,6.225
clip_piano487.wav,6.204
clip_piano488.wav,6.183
clip_piano489.wav,6.162
clip_piano490.wav,6.141
clip_piano491.wav,6.12
clip_piano492.wav,6.099
clip_piano493.wav,6.078
clip_piano494.wav,6.057
clip_piano495.wav,6.036
clip_piano496.wav,6.015
clip_piano497.wav,5.994
clip_piano498.wav,5.973
clip_piano499.wav,5.953
clip_piano500.wav,5.932
clip_piano501.wav,5.911
clip_piano502.wav,5.89
clip_piano503.wav,5.869
clip_piano504.wav,5.848
clip_piano505.wav,5.827
clip_piano506.wav,5.806
clip_piano507.wav,5.785
clip_piano508.wav,5.764
clip_piano509.wav,5.743
clip_piano510.wav,5.722
clip_piano511.wav,5.701
clip_piano512.wav,5.68
clip_piano513.wav,5.659
clip_piano514.wav,5.638
clip_piano515.wav,5.617
clip_piano516.wav,5.596
clip_piano517.wav,5.576
clip_piano518.wav,5.555
clip_piano519.wav,5.534
clip_piano520.wav,5.513
clip_piano521.wav,5.492
clip_piano522.wav,5.471
clip_piano523.wav,5.45
clip_piano524.wav,5.429
clip_piano525.wav,5.408
clip_piano526.wav,5.387
clip_piano527.wav,5.366
clip_piano528.wav,5.345
clip_piano529.wav,5.324
clip_piano530.wav,5.303
clip_piano531.wav,5.282
clip_piano532.wav,5.261
clip_piano533.wav,5.24
clip_piano534.wav,5.219
clip_piano535.wav,5.199
clip_piano536.wav,5.178
clip_piano537.wav,5.157
clip_piano538.wav,5.136
clip_piano539.wav,5.115
clip_piano540.wav,5.094
clip_piano541.wav,5.073
clip_piano542.wav,5.052
clip_piano543.wav,5.031
clip_piano544.wav,5.01
clip_piano545.wav,4.989
clip_piano546.wav,4.968
clip_piano547.wav,4.947
clip_piano548.wav,4.926
clip_piano549.wav,4.905
clip_piano550.wav,4.884
clip_piano551.wav,4.863
clip_piano552.wav,4.842
clip_piano553.wav,4.822
clip_piano554.wav,4.801
clip_piano555.wav,4.78
clip_piano556.wav,4.759
clip_piano557.wav,4.738
clip_piano558.wav,4.717
clip_piano559.wav,4.696
clip_piano560.wav,4.675
clip_piano561.wav,4.654
clip_piano562.wav,4.633
clip_piano563.wav,4.612
clip_piano564.wav,4.591
clip_piano565.wav,4.57
clip_piano566.wav,4.549
clip_piano567.wav,4.528
clip_piano568.wav,4.507
clip_piano569.wav,4.486
clip_piano570.wav,4.465
clip_piano571.wav,4.445
clip_piano572.wav,4.424
clip_piano573.wav,4.403
clip_piano574.wav,4.382
clip_piano575.wav,4.361
clip_piano576.wav,4.34
clip_piano577.wav,4.319
clip_piano578.wav,4.298
clip_piano579.wav,4.277
clip_piano580.wav,4.256
clip_piano581.wav,4.235
clip_piano582.wav,4.214
clip_piano583.wav,4.193
clip_piano584.wav,4.172
clip_piano585.wav,4.151
clip_piano586.wav,4.13
clip_piano587.wav,4.109
clip_piano588.wav,4.088
clip_piano589.wav,4.068
clip_piano590.wav,4.047
clip_piano591.wav,4.026
clip_piano592.wav,4.005
clip_piano593.wav,3.984
clip_piano594.wav,3.963
clip_piano595.wav,3.942
clip_piano596.wav,3.921
clip_piano597.wav,3.9
clip_piano598.wav,3.879
clip_piano599.wav,3.858
clip_piano600.wav,3.837
clip_piano601.wav,3.816
clip_piano602.wav,3.795
clip_piano603.wav,3.774
clip_piano604.wav,3.753
clip_piano605.wav,3.732
clip_piano606.wav,3.712
clip_piano607.wav,3.691
clip_piano608.wav,3.67
clip_piano609.wav,3.649
clip_piano610.wav,3.628
clip_piano611.wav,3.607
clip_piano612.wav,3.586
clip_piano613.wav,3.565
clip_piano614.wav,3.544
clip_piano615.wav,3.523
clip_piano616.wav,3.502
clip_piano616.wav,3.751
clip_piano617.wav,3.731
clip_piano618.wav,3.71
clip_piano619.wav,3.689
clip_piano620.wav,3.668
clip_piano621.wav,3.647
clip_piano622.wav,3.626
clip_piano623.wav,3.605
clip_piano624.wav,3.584
clip_piano625.wav,3.563
clip_piano626.wav,3.542
clip_piano627.wav,3.521
clip_piano628.wav,3.5
clip_piano629.wav,3.479
clip_piano630.wav,3.458
clip_piano631.wav,3.437
clip_piano632.wav,3.416
clip_piano633.wav,3.395
clip_piano634.wav,3.374
clip_piano635.wav,3.354
clip_piano636.wav,3.333
clip_piano637.wav,3.312
clip_piano638.wav,3.291
clip_piano639.wav,3.27
clip_piano640.wav,3.249
clip_piano641.wav,3.228
clip_piano642.wav,3.207
clip_piano643.wav,3.186
clip_piano644.wav,3.165
clip_piano645.wav,3.144
clip_piano646.wav,3.123
clip_piano647.wav,3.102
clip_piano648.wav,3.081
clip_piano649.wav,3.06
clip_piano650.wav,3.039
clip_piano651.wav,3.018
clip_piano652.wav,2.997
clip_piano653.wav,2.977
clip_piano654.wav,2.956
clip_piano655.wav,2.935
clip_piano656.wav,2.914
clip_piano657.wav,2.893
clip_piano658.wav,2.872
clip_piano659.wav,2.851
clip_piano660.wav,2.83
clip_piano661.wav,2.809
clip_piano662.wav,2.788
clip_piano663.wav,2.767
clip_piano664.wav,2.746
clip_piano665.wav,2.725
clip_piano666.wav,2.704
clip_piano667.wav,2.683
clip_piano668.wav,2.662
clip_piano669.wav,2.641
clip_piano670.wav,2.62
clip_piano671.wav,2.6
clip_piano672.wav,2.579
clip_piano673.wav,2.558
clip_piano674.wav,2.537
clip_piano675.wav,2.516
clip_piano676.wav,2.495
clip_piano677.wav,2.474
clip_piano678.wav,2.453
clip_piano679.wav,2.432
clip_piano680.wav,2.411
clip_piano681.wav,2.39
clip_piano682.wav,2.369
clip_piano683.wav,2.348
clip_piano684.wav,2.327
clip_piano685.wav,2.306
clip_piano686.wav,2.285
clip_piano687.wav,2.264
clip_piano688.wav,2.243
clip_piano689.wav,2.223
clip_piano690.wav,2.202
clip_piano691.wav,2.181
clip_piano692.wav,2.16
clip_piano693.wav,2.139
clip_piano694.wav,2.118
clip_piano695.wav,2.097
clip_piano696.wav,2.076
clip_piano697.wav,2.055
clip_piano698.wav,2.034
clip_piano699.wav,2.013
clip_piano700.wav,1.992
clip_piano701.wav,1.971
clip_piano702.wav,1.95
clip_piano703.wav,1.929
clip_piano704.wav,1.908
clip_piano705.wav,1.887
clip_piano706.wav,1.866
clip_piano707.wav,1.846
clip_piano708.wav,1.825
clip_piano709.wav,1.804
clip_piano710.wav,1.783
clip_piano711.wav,1.762
clip_piano712.wav,1.741
clip_piano713.wav,1.72
clip_piano714.wav,1.699
clip_piano715.wav,1.678
clip_piano716.wav,1.657
clip_piano717.wav,1.636
clip_piano718.wav,1.615
clip_piano719.wav,1.594
clip_piano720.wav,1.573
clip_piano721.wav,1.552
clip_piano722.wav,1.531
clip_piano723.wav,1.51
clip_piano724.wav,1.49
clip_piano725.wav,1.469
clip_piano726.wav,1.448
clip_piano727.wav,1.427
clip_piano728.wav,1.406
clip_piano729.wav,1.385
clip_piano730.wav,1.364
clip_piano731.wav,1.343
clip_piano732.wav,1.322
clip_piano733.wav,1.301
clip_piano734.wav,1.28
clip_piano735.wav,1.259
clip_piano736.wav,1.238
clip_piano737.wav,1.217
clip_piano738.wav,1.196
clip_piano739.wav,1.175
clip_piano740.wav,1.154
clip_piano741.wav,1.133
clip_piano742.wav,1.113
clip_piano743.wav,1.092
clip_piano744.wav,1.071
clip_piano745.wav,1.05
clip_piano746.wav,1.029
clip_piano747.wav,1.008
clip_piano748.wav,0.987
clip_piano749.wav,0.966
clip_piano750.wav,0.945
clip_piano751.wav,0.924
clip_piano752.wav,0.903
clip_piano753.wav,0.882
clip_piano754.wav,0.861
clip_piano755.wav,0.84
clip_piano756.wav,0.819
clip_piano757.wav,0.798
clip_piano758.wav,0.777
clip_piano759.wav,0.756
clip_piano760.wav,0.736
clip_piano761.wav,0.715
clip_piano762.wav,0.694
clip_piano763.wav,0.673
clip_piano764.wav,0.652
clip_piano765.wav,0.631
clip_piano766.wav,0.61
clip_piano767.wav,0.589
clip_piano768.wav,0.568
clip_piano769.wav,0.547
clip_piano770.wav,0.526
clip_piano771.wav,0.505
clip_piano772.wav,0.484
clip_piano773.wav,0.463
clip_piano774.wav,0.442
clip_piano775.wav,0.421
clip_piano776.wav,0.4
clip_piano777.wav,0.379
clip_piano778.wav,0.359
clip_piano779.wav,0.338
clip_piano780.wav,0.317
clip_piano781.wav,0.296
clip_piano782.wav,0.275
clip_piano783.wav,0.254
clip_piano784.wav,0.233
clip_piano785.wav,0.212
clip_piano786.wav,0.191
clip_piano787.wav,0.17
clip_piano788.wav,0.149
clip_piano789.wav,0.128
clip_piano790.wav,0.107
clip_piano791.wav,0.086
clip_piano792.wav,0.065
clip_piano793.wav,0.044
clip_piano794.wav,0.023
clip_piano795.wav,0.002
clip_piano796.wav,6.265
clip_piano797.wav,6.244
clip_piano798.wav,6.223
clip_piano799.wav,6.202
clip_piano800.wav,6.181
clip_piano801.wav,6.16
clip_piano802.wav,6.139
clip_piano803.wav,6.118
clip_piano804.wav,6.097
clip_piano805.wav,6.076
clip_piano806.wav,6.055
clip_piano807.wav,6.034
clip_piano808.wav,6.013
clip_piano809.wav,5.992
clip_piano810.wav,5.972
clip_piano811.wav,5.951
clip_piano812.wav,5.93
clip_piano813.wav,5.909
clip_piano814.wav,5.888
clip_piano815.wav,5.867
clip_piano816.wav,5.846
clip_piano817.wav,5.825
clip_piano818.wav,5.804
clip_piano819.wav,5.783
clip_piano820.wav,5.762
clip_piano821.wav,5.741
clip_piano822.wav,5.72
clip_piano823.wav,5.699
clip_piano824.wav,5.678
clip_piano825.wav,5.657
clip_piano826.wav,5.636
clip_piano827.wav,5.615
clip_piano828.wav,5.595
clip_piano829.wav,5.574
clip_piano830.wav,5.553
clip_piano831.wav,5.532
clip_piano832.wav,5.511
clip_piano833.wav,5.49
clip_piano834.wav,5.469
clip_piano835.wav,5.448
clip_piano836.wav,5.427
clip_piano837.wav,5.406
clip_piano838.wav,5.385
clip_piano839.wav,5.364
clip_piano840.wav,5.343
clip_piano841.wav,5.322
clip_piano842.wav,5.301
clip_piano843.wav,5.28
clip_piano844.wav,5.259
clip_piano845.wav,5.238
clip_piano846.wav,5.218
clip_piano847.wav,5.197
clip_piano848.wav,5.176
clip_piano849.wav,5.155
clip_piano850.wav,5.134
clip_piano851.wav,5.113
clip_piano852.wav,5.092
clip_piano853.wav,5.071
clip_piano854.wav,5.05
clip_piano855.wav,5.029
clip_piano856.wav,5.008
clip_piano857.wav,4.987
clip_piano858.wav,4.966
clip_piano859.wav,4.945
clip_piano860.wav,4.924
clip_piano861.wav,4.903
clip_piano862.wav,4.882
clip_piano863.wav,4.861
clip_piano864.wav,4.841
clip_piano865.wav,4.82
clip_piano866.wav,4.799
clip_piano867.wav,4.778
clip_piano868.wav,4.757
clip_piano869.wav,4.736
clip_piano870.wav,4.715
clip_piano871.wav,4.694
clip_piano872.wav,4.673
clip_piano873.wav,4.652
clip_piano874.wav,4.631
clip_piano875.wav,4.61
clip_piano876.wav,4.589
clip_piano877.wav,4.568
clip_piano878.wav,4.547
clip_piano879.wav,4.526
clip_piano880.wav,4.505
clip_piano881.wav,4.484
clip_piano882.wav,4.464
clip_piano883.wav,4.443
clip_piano884.wav,4.422
clip_piano885.wav,4.401
clip_piano886.wav,4.38
clip_piano887.wav,4.359
clip_piano888.wav,4.338
clip_piano889.wav,4.317
clip_piano890.wav,4.296
clip_piano891.wav,4.275
clip_piano892.wav,4.254
clip_piano893.wav,4.233
clip_piano894.wav,4.212
clip_piano895.wav,4.191
clip_piano896.wav,4.17
clip_piano897.wav,4.149
clip_piano898.wav,4.128
clip_piano899.wav,4.108
clip_piano900.wav,4.087
clip_piano901.wav,4.066
clip_piano902.wav,4.045
clip_piano903.wav,4.024
clip_piano904.wav,4.003
clip_piano905.wav,3.982
clip_piano906.wav,3.961
clip_piano907.wav,3.94
clip_piano908.wav,3.919
clip_piano909.wav,3.898
clip_piano910.wav,3.877
clip_piano911.wav,3.856
clip_piano912.wav,3.835
clip_piano913.wav,3.814
clip_piano616.wav,2.891
clip_piano617.wav,2.87
clip_piano618.wav,2.849
clip_piano619.wav,2.828
clip_piano620.wav,2.807
clip_piano621.wav,2.786
clip_piano622.wav,2.765
clip_piano623.wav,2.744
clip_piano624.wav,2.723
clip_piano625.wav,2.702
clip_piano626.wav,2.681
clip_piano627.wav,2.66
clip_piano628.wav,2.64
clip_piano629.wav,2.619
clip_piano630.wav,2.598
clip_piano631.wav,2.577
clip_piano632.wav,2.556
clip_piano633.wav,2.535
clip_piano634.wav,2.514
clip_piano635.wav,2.493
clip_piano636.wav,2.472
clip_piano637.wav,2.451
clip_piano638.wav,2.43
clip_piano639.wav,2.409
clip_piano640.wav,2.388
clip_piano641.wav,2.367
clip_piano642.wav,2.346
clip_piano643.wav,2.325
clip_piano644.wav,2.304
clip_piano645.wav,2.284
clip_piano646.wav,2.263
clip_piano647.wav,2.242
clip_piano648.wav,2.221
clip_piano649.wav,2.2
clip_piano650.wav,2.179
clip_piano651.wav,2.158
clip_piano652.wav,2.137
clip_piano653.wav,2.116
clip_piano654.wav,2.095
clip_piano655.wav,2.074
clip_piano656.wav,2.053
clip_piano657.wav,2.032
clip_piano658.wav,2.011
clip_piano659.wav,1.99
clip_piano660.wav,1.969
clip_piano661.wav,1.948
clip_piano662.wav,1.927
clip_piano663.wav,1.907
clip_piano664.wav,1.886
clip_piano665.wav,1.865
clip_piano666.wav,1.844
clip_piano667.wav,1.823
clip_piano668.wav,1.802
clip_piano669.wav,1.781
clip_piano670.wav,1.76
clip_piano671.wav,1.739
clip_piano672.wav,1.718
clip_piano673.wav,1.697
clip_piano674.wav,1.676
clip_piano675.wav,1.655
clip_piano676.wav,1.634
clip_piano677.wav,1.613
clip_piano678.wav,1.592
clip_piano679.wav,1.571
clip_piano680.wav,1.55
clip_piano681.wav,1.53
clip_piano682.wav,1.509
clip_piano683.wav,1.488
clip_piano684.wav,1.467
clip_piano685.wav,1.446
clip_piano686.wav,1.425
clip_piano687.wav,1.404
clip_piano688.wav,1.383
clip_piano689.wav,1.362
clip_piano690.wav,1.341
clip_piano691.wav,1.32
clip_piano692.wav,1.299
clip_piano693.wav,1.278
clip_piano694.wav,1.257
clip_piano695.wav,1.236
clip_piano696.wav,1.215
clip_piano697.wav,1.194
clip_piano698.wav,1.173
clip_piano699.wav,1.153
clip_piano700.wav,1.132
clip_piano701.wav,1.111
clip_piano702.wav,1.09
clip_piano703.wav,1.069
clip_piano704.wav,1.048
clip_piano705.wav,1.027
clip_piano706.wav,1.006
clip_piano707.wav,0.985
clip_piano708.wav,0.964
clip_piano709.wav,0.943
clip_piano710.wav,0.922
clip_piano711.wav,0.901
clip_piano712.wav,0.88
clip_piano713.wav,0.859
clip_piano714.wav,0.838
clip_piano715.wav,0.817
clip_piano716.wav,0.796
clip_piano717.wav,0.776
clip_piano718.wav,0.755
clip_piano719.wav,0.734
clip_piano720.wav,0.713
clip_piano721.wav,0.692
clip_piano722.wav,0.671
clip_piano723.wav,0.65
clip_piano724.wav,0.629
clip_piano725.wav,0.608
clip_piano726.wav,0.587
clip_piano727.wav,0.566
clip_piano728.wav,0.545
clip_piano729.wav,0.524
clip_piano730.wav,0.503
clip_piano731.wav,0.482
clip_piano732.wav,0.461
clip_piano733.wav,0.44
clip_piano734.wav,0.419
clip_piano735.wav,0.399
clip_piano736.wav,0.378
clip_piano737.wav,0.357
clip_piano738.wav,0.336
clip_piano739.wav,0.315
clip_piano740.wav,0.294
clip_piano741.wav,0.273
clip_piano742.wav,0.252
clip_piano743.wav,0.231
clip_piano744.wav,0.21
clip_piano745.wav,0.189
clip_piano746.wav,0.168
clip_piano747.wav,0.147
clip_piano748.wav,0.126
clip_piano749.wav,0.105
clip_piano750.wav,0.084
clip_piano751.wav,0.063
clip_piano752.wav,0.043
clip_piano753.wav,0.022
clip_piano754.wav,0.001
clip_piano755.wav,6.263
clip_piano756.wav,6.242
clip_piano757.wav,6.221
clip_piano758.wav,6.2
clip_piano759.wav,6.179
clip_piano760.wav,6.158
clip_piano761.wav,6.137
clip_piano762.wav,6.116
clip_piano763.wav,6.095
clip_piano764.wav,6.074
clip_piano765.wav,6.053
clip_piano766.wav,6.032
clip_piano767.wav,6.012
clip_piano768.wav,5.991
clip_piano769.wav,5.97
clip_piano770.wav,5.949
clip_piano771.wav,5.928
clip_piano772.wav,5.907
clip_piano773.wav,5.886
clip_piano774.wav,5.865
clip_piano775.wav,5.844
clip_piano776.wav,5.823
clip_piano777.wav,5.802
clip_piano778.wav,5.781
clip_piano779.wav,5.76
clip_piano780.wav,5.739
clip_piano781.wav,5.718
clip_piano782.wav,5.697
clip_piano783.wav,5.676
clip_piano784.wav,5.655
clip_piano785.wav,5.635
clip_piano786.wav,5.614
clip_piano787.wav,5.593
clip_piano788.wav,5.572
clip_piano789.wav,5.551
clip_piano790.wav,5.53
clip_piano791.wav,5.509
clip_piano792.wav,5.488
clip_piano793.wav,5.467
clip_piano794.wav,5.446
clip_piano795.wav,5.425
clip_piano796.wav,5.404
clip_piano797.wav,5.383
clip_piano798.wav,5.362
clip_piano799.wav,5.341
clip_piano800.wav,5.32
clip_piano801.wav,5.299
clip_piano802.wav,5.278
clip_piano803.wav,5.258
clip_piano804.wav,5.237
clip_piano805.wav,5.216
clip_piano806.wav,5.195
clip_piano807.wav,5.174
clip_piano808.wav,5.153
clip_piano809.wav,5.132
clip_piano810.wav,5.111
clip_piano811.wav,5.09
clip_piano812.wav,5.069
clip_piano813.wav,5.048
clip_piano814.wav,5.027
clip_piano815.wav,5.006
clip_piano816.wav,4.985
clip_piano817.wav,4.964
clip_piano818.wav,4.943
clip_piano819.wav,4.922
clip_piano820.wav,4.901
clip_piano821.wav,4.881
clip_piano822.wav,4.86
clip_piano823.wav,4.839
clip_piano824.wav,4.818
clip_piano825.wav,4.797
clip_piano826.wav,4.776
clip_piano827.wav,4.755
clip_piano828.wav,4.734
clip_piano829.wav,4.713
clip_piano830.wav,4.692
clip_piano831.wav,4.671
clip_piano832.wav,4.65
clip_piano833.wav,4.629
clip_piano834.wav,4.608
clip_piano835.wav,4.587
clip_piano836.wav,4.566
clip_piano837.wav,4.545
clip_piano838.wav,4.525
clip_piano839.wav,4.504
clip_piano840.wav,4.483
clip_piano841.wav,4.462
clip_piano842.wav,4.441
clip_piano843.wav,4.42
clip_piano844.wav,4.399
clip_piano845.wav,4.378
clip_piano846.wav,4.357
clip_piano847.wav,4.336
clip_piano848.wav,4.315
clip_piano849.wav,4.294
clip_piano850.wav,4.273
clip_piano851.wav,4.252
clip_piano852.wav,4.231
clip_piano853.wav,4.21
clip_piano854.wav,4.189
clip_piano855.wav,4.168
clip_piano856.wav,4.148
clip_piano857.wav,4.127
clip_piano858.wav,4.106
clip_piano859.wav,4.085
clip_piano860.wav,4.064
clip_piano861.wav,4.043
clip_piano862.wav,4.022
clip_piano863.wav,4.001
clip_piano864.wav,3.98
clip_piano865.wav,3.959
clip_piano866.wav,3.938
clip_piano867.wav,3.917
clip_piano868.wav,3.896
clip_piano869.wav,3.875
clip_piano870.wav,3.854
clip_piano871.wav,3.833
clip_piano872.wav,3.812
clip_piano873.wav,3.791
clip_piano874.wav,3.771
clip_piano875.wav,3.75
clip_piano876.wav,3.729
clip_piano877.wav,3.708
clip_piano878.wav,3.687
clip_piano879.wav,3.666
clip_piano880.wav,3.645
clip_piano881.wav,3.624
clip_piano882.wav,3.603
clip_piano883.wav,3.582
clip_piano884.wav,3.561
clip_piano885.wav,3.54
clip_piano886.wav,3.519
clip_piano887.wav,3.498
clip_piano888.wav,3.477
clip_piano889.wav,3.456
clip_piano890.wav,3.435
clip_piano891.wav,3.414
clip_piano892.wav,3.394
clip_piano893.wav,3.373
clip_piano894.wav,3.352
clip_piano895.wav,3.331
clip_piano896.wav,3.31
clip_piano897.wav,3.289
clip_piano898.wav,3.268
clip_piano899.wav,3.247
clip_piano900.wav,3.226
clip_piano901.wav,3.205
clip_piano902.wav,3.184
clip_piano903.wav,3.163
clip_piano904.wav,3.142
clip_piano905.wav,3.121
clip_piano906.wav,3.1
clip_piano907.wav,3.079
clip_piano908.wav,3.058
clip_piano909.wav,3.037
clip_piano910.wav,3.017
clip_piano911.wav,2.996
clip_piano912.wav,2.975
clip_piano913.wav,2.954
clip_piano914.wav,3.641
clip_piano915.wav,3.62
clip_piano916.wav,3.599
clip_piano917.wav,3.578
clip_piano918.wav,3.558
clip_piano919.wav,3.537
clip_piano920.wav,3.516
clip_piano921.wav,3.495
clip_piano922.wav,3.474
clip_piano923.wav,3.453
clip_piano924.wav,3.432
clip_piano925.wav,3.411
clip_piano926.wav,3.39
clip_piano927.wav,3.369
clip_piano928.wav,3.348
clip_piano929.wav,3.327
clip_piano930.wav,3.306
clip_piano931.wav,3.285
clip_piano932.wav,3.264
clip_piano933.wav,3.243
clip_piano934.wav,3.222
clip_piano935.wav,3.201
clip_piano936.wav,3.181
clip_piano937.wav,3.16
clip_piano938.wav,3.139
clip_piano939.wav,3.118
clip_piano940.wav,3.097
clip_piano941.wav,3.076
clip_piano942.wav,3.055
clip_piano943.wav,3.034
clip_piano944.wav,3.013
clip_piano945.wav,2.992
clip_piano946.wav,2.971
clip_piano947.wav,2.95
clip_piano948.wav,2.929
clip_piano949.wav,2.908
clip_piano950.wav,2.887
clip_piano951.wav,2.866
clip_piano952.wav,2.845
clip_piano953.wav,2.824
clip_piano954.wav,2.804
clip_piano955.wav,2.783
clip_piano956.wav,2.762
clip_piano957.wav,2.741
clip_piano958.wav,2.72
clip_piano959.wav,2.699
clip_piano960.wav,2.678
clip_piano961.wav,2.657
clip_piano962.wav,2.636
clip_piano963.wav,2.615
clip_piano964.wav,2.594
clip_piano965.wav,2.573
clip_piano966.wav,2.552
clip_piano967.wav,2.531
clip_piano968.wav,2.51
clip_piano969.wav,2.489
clip_piano970.wav,2.468
clip_piano971.wav,2.448
clip_piano972.wav,2.427
clip_piano973.wav,2.406
clip_piano974.wav,2.385
clip_piano975.wav,2.364
clip_piano976.wav,2.343
clip_piano977.wav,2.322
clip_piano978.wav,2.301
clip_piano979.wav,2.28
clip_piano980.wav,2.259
clip_piano981.wav,2.238
clip_piano982.wav,2.217
clip_piano983.wav,2.196
clip_piano984.wav,2.175
clip_piano985.wav,2.154
clip_piano986.wav,2.133
clip_piano987.wav,2.112
clip_piano988.wav,2.091
clip_piano989.wav,2.071
clip_piano990.wav,2.05
clip_piano991.wav,2.029
clip_piano992.wav,2.008
clip_piano993.wav,1.987
clip_piano994.wav,1.966
clip_piano995.wav,1.945
clip_piano996.wav,1.924
clip_piano997.wav,1.903
clip_piano998.wav,1.882
clip_piano999.wav,1.861
clip_piano1000.wav,1.84
clip_piano1001.wav,1.819
clip_piano1002.wav,1.798
clip_piano1003.wav,1.777
clip_piano1004.wav,1.756
clip_piano1005.wav,1.735
clip_piano1006.wav,1.714
clip_piano1007.wav,1.694
clip_piano1008.wav,1.673
clip_piano1009.wav,1.652
clip_piano1010.wav,1.631
clip_piano1011.wav,1.61
clip_piano1012.wav,1.589
clip_piano1013.wav,1.568
clip_piano1014.wav,1.547
clip_piano1015.wav,1.526
clip_piano1016.wav,1.505
clip_piano1017.wav,1.484
clip_piano1018.wav,1.463
clip_piano1019.wav,1.442
clip_piano1020.wav,1.421
clip_piano1021.wav,1.4
clip_piano1022.wav,1.379
clip_piano1023.wav,1.358
clip_piano1024.wav,1.337
clip_piano1025.wav,1.317
clip_piano1026.wav,1.296
clip_piano1027.wav,1.275
clip_piano1028.wav,1.254
clip_piano1029.wav,1.233
clip_piano1030.wav,1.212
clip_piano1031.wav,1.191
clip_piano1032.wav,1.17
clip_piano1033.wav,1.149
clip_piano1034.wav,1.128
clip_piano1035.wav,1.107
clip_piano1036.wav,1.086
clip_piano1037.wav,1.065
clip_piano1038.wav,1.044
clip_piano1039.wav,1.023
clip_piano1040.wav,1.002
clip_piano1041.wav,0.981
clip_piano1042.wav,0.96
clip_piano1043.wav,0.94
clip_piano1044.wav,0.919
clip_piano1045.wav,0.898
clip_piano1046.wav,0.877
clip_piano1047.wav,0.856
clip_piano1048.wav,0.835
clip_piano1049.wav,0.814
clip_piano1050.wav,0.793
clip_piano1051.wav,0.772
clip_piano1052.wav,0.751
clip_piano1053.wav,0.73
clip_piano1054.wav,0.709
clip_piano1055.wav,0.688
clip_piano1056.wav,0.667
clip_piano1057.wav,0.646
clip_piano1058.wav,0.625
clip_piano1059.wav,0.604
clip_piano1060.wav,0.583
clip_piano1061.wav,0.563
clip_piano1062.wav,0.542
clip_piano1063.wav,0.521
clip_piano1064.wav,0.5
clip_piano1065.wav,0.479
clip_piano1066.wav,0.458
clip_piano1067.wav,0.437
clip_piano1068.wav,0.416
clip_piano1069.wav,0.395
clip_piano1070.wav,0.374
clip_piano1071.wav,0.353
clip_piano1072.wav,0.332
clip_piano1073.wav,0.311
clip_piano1074.wav,0.29
clip_piano1075.wav,0.269
clip_piano1076.wav,0.248
clip_piano1077.wav,0.227
clip_piano1078.wav,0.206
clip_piano1079.wav,0.186
clip_piano1080.wav,0.165
clip_piano1081.wav,0.144
clip_piano1082.wav,0.123
clip_piano1083.wav,0.102
clip_piano1084.wav,0.081
clip_piano1085.wav,0.06
clip_piano1086.wav,0.039
clip_piano1087.wav,0.018
clip_piano1088.wav,6.28
clip_piano1089.wav,6.259
clip_piano1090.wav,6.238
clip_piano1091.wav,6.217
clip_piano1092.wav,6.196
clip_piano1093.wav,6.176
clip_piano1094.wav,6.155
clip_piano1095.wav,6.134
clip_piano1096.wav,6.113
clip_piano1097.wav,6.092
clip_piano1098.wav,6.071
clip_piano1099.wav,6.05
clip_piano1100.wav,6.029
clip_piano1101.wav,6.008
clip_piano1102.wav,5.987
clip_piano1103.wav,5.966
clip_piano1104.wav,5.945
clip_piano1105.wav,5.924
clip_piano1106.wav,5.903
clip_piano1107.wav,5.882
clip_piano1108.wav,5.861
clip_piano1109.wav,5.84
clip_piano1110.wav,5.819
clip_piano1111.wav,5.799
clip_piano1112.wav,5.778
clip_piano1113.wav,5.757
clip_piano1114.wav,5.736
clip_piano1115.wav,5.715
clip_piano1116.wav,5.694
clip_piano1117.wav,5.673
clip_piano1118.wav,5.652
clip_piano1119.wav,5.631
clip_piano1120.wav,5.61
clip_piano1121.wav,5.589
clip_piano1122.wav,5.568
clip_piano1123.wav,5.547
clip_piano1124.wav,5.526
clip_piano1125.wav,5.505
clip_piano1126.wav,5.484
clip_piano1127.wav,5.463
clip_piano1128.wav,5.442
clip_piano1129.wav,5.422
clip_piano1130.wav,5.401
clip_piano1131.wav,5.38
clip_piano1132.wav,5.359
clip_piano1133.wav,5.338
clip_piano1134.wav,5.317
clip_piano1135.wav,5.296
clip_piano1136.wav,5.275
clip_piano1137.wav,5.254
clip_piano1138.wav,5.233
clip_piano1139.wav,5.212
clip_piano1140.wav,5.191
clip_piano1141.wav,5.17
clip_piano1142.wav,5.149
clip_piano1143.wav,5.128
clip_piano1144.wav,5.107
clip_piano1145.wav,5.086
clip_piano1146.wav,5.065
clip_piano1147.wav,5.045
clip_piano1148.wav,5.024
clip_piano1149.wav,5.003
clip_piano1150.wav,4.982
clip_piano1151.wav,4.961
clip_piano1152.wav,4.94
clip_piano1153.wav,4.919
clip_piano1154.wav,4.898
clip_piano1155.wav,4.877
clip_piano1156.wav,4.856
clip_piano1157.wav,4.835
clip_piano1158.wav,4.814
clip_piano1159.wav,4.793
clip_piano1160.wav,4.772
clip_piano1161.wav,4.751
clip_piano1162.wav,4.73
clip_piano1163.wav,4.709
clip_piano1164.wav,4.689
clip_piano1165.wav,4.668
clip_piano1166.wav,4.647
clip_piano1167.wav,4.626
clip_piano1168.wav,4.605
clip_piano1169.wav,4.584
clip_piano1170.wav,4.563
clip_piano1171.wav,4.542
clip_piano1172.wav,4.521
clip_piano1173.wav,4.5
clip_piano1174.wav,4.479
clip_piano1175.wav,4.458
clip_piano1176.wav,4.437
clip_piano1177.wav,4.416
clip_piano1178.wav,4.395
clip_piano1179.wav,4.374
clip_piano1180.wav,4.353
clip_piano1181.wav,4.332
clip_piano1182.wav,4.312
clip_piano1183.wav,4.291
clip_piano1184.wav,4.27
clip_piano1185.wav,4.249
clip_piano1186.wav,4.228
clip_piano1187.wav,4.207
clip_piano1188.wav,4.186
clip_piano1189.wav,4.165
clip_piano1190.wav,4.144
clip_piano1191.wav,4.123
clip_piano1192.wav,4.102
clip_piano1193.wav,4.081
clip_piano1194.wav,4.06
clip_piano1195.wav,4.039
clip_piano1196.wav,4.018
clip_piano1197.wav,3.997
clip_piano1198.wav,3.976
clip_piano1199.wav,3.955
clip_piano1200.wav,3.935
clip_piano1201.wav,3.914
clip_piano1202.wav,3.893
clip_piano1203.wav,3.872
clip_piano1204.wav,3.851
clip_piano1205.wav,3.83
clip_piano1206.wav,3.809
clip_piano1207.wav,3.788
clip_piano1208.wav,3.767
clip_piano1209.wav,3.746
clip_piano1210.wav,3.725
clip_piano1211.wav,3.704
clip_piano1212.wav,0.284
clip_piano1213.wav,0.263
clip_piano1214.wav,0.242
clip_piano1215.wav,0.221
clip_piano1216.wav,0.2
clip_piano1217.wav,0.179
clip_piano1218.wav,0.158
clip_piano1219.wav,0.137
clip_piano1220.wav,0.116
clip_piano1221.wav,0.095
clip_piano1222.wav,0.074
clip_piano1223.wav,0.053
clip_piano1224.wav,0.032
clip_piano1225.wav,0.011
clip_piano1226.wav,6.274
clip_piano1227.wav,6.253
clip_piano1228.wav,6.232
clip_piano1229.wav,6.211
clip_piano1230.wav,6.19
clip_piano1231.wav,6.169
clip_piano1232.wav,6.148
clip_piano1233.wav,6.127
clip_piano1234.wav,6.106
clip_piano1235.wav,6.085
clip_piano1236.wav,6.064
clip_piano1237.wav,6.043
clip_piano1238.wav,6.022
clip_piano1239.wav,6.001
clip_piano1240.wav,5.98
clip_piano1241.wav,5.959
clip_piano1242.wav,5.938
clip_piano1243.wav,5.918
clip_piano1244.wav,5.897
clip_piano1245.wav,5.876
clip_piano1246.wav,5.855
clip_piano1247.wav,5.834
clip_piano1248.wav,5.813
clip_piano1249.wav,5.792
clip_piano1250.wav,5.771
clip_piano1251.wav,5.75
clip_piano1252.wav,5.729
clip_piano1253.wav,5.708
clip_piano1254.wav,5.687
clip_piano1255.wav,5.666
clip_piano1256.wav,5.645
clip_piano1257.wav,5.624
clip_piano1258.wav,5.603
clip_piano1259.wav,5.582
clip_piano1260.wav,5.561
clip_piano1261.wav,5.541
clip_piano1262.wav,5.52
clip_piano1263.wav,5.499
clip_piano1264.wav,5.478
clip_piano1265.wav,5.457
clip_piano1266.wav,5.436
clip_piano1267.wav,5.415
clip_piano1268.wav,5.394
clip_piano1269.wav,5.373
clip_piano1270.wav,5.352
clip_piano1271.wav,5.331
clip_piano1272.wav,5.31
clip_piano1273.wav,5.289
clip_piano1274.wav,5.268
clip_piano1275.wav,5.247
clip_piano1276.wav,5.226
clip_piano1277.wav,5.205
clip_piano1278.wav,5.184
clip_piano1279.wav,5.164
clip_piano1280.wav,5.143
clip_piano1281.wav,5.122
clip_piano1282.wav,5.101
clip_piano1283.wav,5.08
clip_piano1284.wav,5.059
clip_piano1285.wav,5.038
clip_piano1286.wav,5.017
clip_piano1287.wav,4.996
clip_piano1288.wav,4.975
clip_piano1289.wav,4.954
clip_piano1290.wav,4.933
clip_piano1291.wav,4.912
clip_piano1292.wav,4.891
clip_piano1293.wav,4.87
clip_piano1294.wav,4.849
clip_piano1295.wav,4.828
clip_piano1296.wav,4.807
clip_piano1297.wav,4.787
clip_piano1298.wav,4.766
clip_piano1299.wav,4.745
clip_piano1300.wav,4.724
clip_piano1301.wav,4.703
clip_piano1302.wav,4.682
clip_piano1303.wav,4.661
clip_piano1304.wav,4.64
clip_piano1305.wav,4.619
clip_piano1306.wav,4.598
clip_piano1307.wav,4.577
clip_piano1308.wav,4.556
clip_piano1309.wav,4.535
clip_piano1310.wav,4.514
clip_piano1311.wav,4.493
clip_piano1312.wav,4.472
clip_piano1313.wav,4.451
clip_piano1314.wav,4.431
clip_piano1315.wav,4.41
clip_piano1316.wav,4.389
clip_piano1317.wav,4.368
clip_piano1318.wav,4.347
clip_piano1319.wav,4.326
clip_piano1320.wav,4.305
clip_piano1321.wav,4.284
clip_piano1322.wav,4.263
clip_piano1323.wav,4.242
clip_piano1324.wav,4.221
clip_piano1325.wav,4.2
clip_piano1326.wav,4.179
clip_piano1327.wav,4.158
clip_piano1328.wav,4.137
clip_piano1329.wav,4.116
clip_piano1330.wav,4.095
clip_piano1331.wav,4.074
clip_piano1332.wav,4.054
clip_piano1333.wav,4.033
clip_piano1334.wav,4.012
clip_piano1335.wav,3.991
clip_piano1336.wav,3.97
clip_piano1337.wav,3.949
clip_piano1338.wav,3.928
clip_piano1339.wav,3.907
clip_piano1340.wav,3.886
clip_piano1341.wav,3.865
clip_piano1342.wav,3.844
clip_piano1343.wav,3.823
clip_piano1344.wav,3.802
clip_piano1345.wav,3.781
clip_piano1346.wav,3.76
clip_piano1347.wav,3.739
clip_piano1348.wav,3.718
clip_piano1349.wav,3.697
clip_piano1350.wav,3.677
clip_piano1351.wav,3.656
clip_piano1352.wav,3.635
clip_piano1353.wav,3.614
clip_piano1354.wav,3.593
clip_piano1355.wav,3.572
clip_piano1356.wav,3.551
clip_piano1357.wav,3.53
clip_piano1358.wav,3.509
clip_piano1359.wav,3.488
clip_piano1360.wav,3.467
clip_piano1361.wav,3.446
clip_piano1362.wav,3.425
clip_piano1363.wav,3.404
clip_piano1364.wav,3.383
clip_piano1365.wav,3.362
clip_piano1366.wav,3.341
clip_piano1367.wav,3.32
clip_piano1368.wav,3.3
clip_piano1369.wav,3.279
clip_piano1370.wav,3.258
clip_piano1371.wav,3.237
clip_piano1372.wav,3.216
clip_piano1373.wav,3.195
clip_piano1374.wav,3.174
clip_piano1375.wav,3.153
clip_piano1376.wav,3.132
clip_piano1377.wav,3.111
clip_piano1378.wav,3.09
clip_piano1379.wav,3.069
clip_piano1380.wav,3.048
clip_piano1381.wav,3.027
clip_piano1382.wav,3.006
clip_piano1383.wav,2.985
clip_piano1384.wav,2.964
clip_piano1385.wav,2.943
clip_piano1386.wav,2.923
clip_piano1387.wav,2.902
clip_piano1388.wav,2.881
clip_piano1389.wav,2.86
clip_piano1390.wav,2.839
clip_piano1391.wav,2.818
clip_piano1392.wav,2.797
clip_piano1393.wav,2.776
clip_piano1394.wav,2.755
clip_piano1395.wav,2.734
clip_piano1396.wav,2.713
clip_piano1397.wav,2.692
clip_piano1398.wav,2.671
clip_piano1399.wav,2.65
clip_piano1400.wav,2.629
clip_piano1401.wav,2.608
clip_piano1402.wav,2.587
clip_piano1403.wav,2.566
clip_piano1404.wav,2.546
clip_piano1405.wav,2.525
clip_piano1406.wav,2.504
clip_piano1407.wav,2.483
clip_piano1408.wav,2.462
clip_piano1409.wav,2.441
clip_piano1410.wav,2.42
clip_piano1411.wav,2.399
clip_piano1412.wav,2.378
clip_piano1413.wav,2.357
clip_piano1414.wav,2.336
clip_piano1415.wav,2.315
clip_piano1416.wav,2.294
clip_piano1417.wav,2.273
clip_piano1418.wav,2.252
clip_piano1419.wav,2.231
clip_piano1420.wav,2.21
clip_piano1421.wav,2.19
clip_piano1422.wav,2.169
clip_piano1423.wav,2.148
clip_piano1424.wav,2.127
clip_piano1425.wav,2.106
clip_piano1426.wav,2.085
clip_piano1427.wav,2.064
clip_piano1428.wav,2.043
clip_piano1429.wav,2.022
clip_piano1430.wav,2.001
clip_piano1431.wav,1.98
clip_piano1432.wav,1.959
clip_piano1433.wav,1.938
clip_piano1434.wav,1.917
clip_piano1435.wav,1.896
clip_piano1436.wav,1.875
clip_piano1437.wav,1.854
clip_piano1438.wav,1.833
clip_piano1439.wav,1.813
clip_piano1440.wav,1.792
clip_piano1441.wav,1.771
clip_piano1442.wav,1.75
clip_piano1443.wav,1.729
clip_piano1444.wav,1.708
clip_piano1445.wav,1.687
clip_piano1446.wav,1.666
clip_piano1447.wav,1.645
clip_piano1448.wav,1.624
clip_piano1449.wav,1.603
clip_piano1450.wav,1.582
clip_piano1451.wav,1.561
clip_piano1452.wav,1.54
clip_piano1453.wav,1.519
clip_piano1454.wav,1.498
clip_piano1455.wav,1.477
clip_piano1456.wav,1.456
clip_piano1457.wav,1.436
clip_piano1458.wav,1.415
clip_piano1459.wav,1.394
clip_piano1460.wav,1.373
clip_piano1461.wav,1.352
clip_piano1462.wav,1.331
clip_piano1463.wav,1.31
clip_piano1464.wav,1.289
clip_piano1465.wav,1.268
clip_piano1466.wav,1.247
clip_piano1467.wav,1.226
clip_piano1468.wav,1.205
clip_piano1469.wav,1.184
clip_piano1470.wav,1.163
clip_piano1471.wav,1.142
clip_piano1472.wav,1.121
clip_piano1473.wav,1.1
clip_piano1474.wav,1.079
clip_piano1475.wav,1.059
clip_piano1476.wav,1.038
clip_piano1477.wav,1.017
clip_piano1478.wav,0.996
clip_piano1479.wav,0.975
clip_piano1480.wav,0.954
clip_piano1481.wav,0.933
clip_piano1482.wav,0.912
clip_piano1483.wav,0.891
clip_piano1484.wav,0.87
clip_piano1485.wav,0.849
clip_piano1486.wav,0.828
clip_piano1487.wav,0.807
clip_piano1488.wav,0.786
clip_piano1489.wav,0.765
clip_piano1490.wav,0.744
clip_piano1491.wav,0.723
clip_piano1492.wav,0.702
clip_piano1493.wav,0.682
clip_piano1494.wav,0.661
clip_piano1495.wav,0.64
clip_piano1496.wav,0.619
clip_piano1497.wav,0.598
clip_piano1498.wav,0.577
clip_piano1499.wav,0.556
clip_piano1500.wav,0.535
clip_piano1501.wav,0.514
clip_piano1502.wav,0.493
clip_piano1503.wav,0.472
clip_piano1504.wav,0.451
clip_piano1505.wav,0.43
clip_piano1506.wav,0.409
clip_piano1507.wav,0.388
clip_piano1508.wav,0.367
clip_piano1509.wav,0.346
clip_piano1510.wav,4.731
clip_piano1511.wav,4.752
clip_piano1512.wav,4.773
clip_piano1513.wav,4.794
clip_piano1514.wav,4.815
clip_piano1515.wav,4.836
clip_piano1516.wav,4.857
clip_piano1517.wav,4.878
clip_piano1518.wav,4.899
clip_piano1519.wav,4.92
clip_piano1520.wav,4.941
clip_piano1521.wav,4.962
clip_piano1522.wav,4.983
clip_piano1523.wav,5.004
clip_piano1524.wav,5.025
clip_piano1525.wav,5.046
clip_piano1526.wav,5.067
clip_piano1527.wav,5.087
clip_piano1528.wav,5.108
clip_piano1529.wav,5.129
clip_piano1530.wav,5.15
clip_piano1531.wav,5.171
clip_piano1532.wav,5.192
clip_piano1533.wav,5.213
clip_piano1534.wav,5.234
clip_piano1535.wav,5.255
clip_piano1536.wav,5.276
clip_piano1537.wav,5.297
clip_piano1538.wav,5.318
clip_piano1539.wav,5.339
clip_piano1540.wav,5.36
clip_piano1541.wav,5.381
clip_piano1542.wav,5.402
clip_piano1543.wav,5.423
clip_piano1544.wav,5.444
clip_piano1545.wav,5.464
clip_piano1546.wav,5.485
clip_piano1547.wav,5.506
clip_piano1548.wav,5.527
clip_piano1549.wav,5.548
clip_piano1550.wav,5.569
clip_piano1551.wav,5.59
clip_piano1552.wav,5.611
clip_piano1553.wav,5.632
clip_piano1554.wav,5.653
clip_piano1555.wav,5.674
clip_piano1556.wav,5.695
clip_piano1557.wav,5.716
clip_piano1558.wav,5.737
clip_piano1559.wav,5.758
clip_piano1560.wav,5.779
clip_piano1561.wav,5.8
clip_piano1562.wav,5.821
clip_piano1563.wav,5.841
clip_piano1564.wav,5.862
clip_piano1565.wav,5.883
clip_piano1566.wav,5.904
clip_piano1567.wav,5.925
clip_piano1568.wav,5.946
clip_piano1569.wav,5.967
clip_piano1570.wav,5.988
clip_piano1571.wav,6.009
clip_piano1572.wav,6.03
clip_piano1573.wav,6.051
clip_piano1574.wav,6.072
clip_piano1575.wav,6.093
clip_piano1576.wav,6.114
clip_piano1577.wav,6.135
clip_piano1578.wav,6.156
clip_piano1579.wav,6.177
clip_piano1580.wav,6.198
clip_piano1581.wav,6.218
clip_piano1582.wav,6.239
clip_piano1583.wav,6.26
clip_piano1584.wav,6.281
clip_piano1585.wav,0.019
clip_piano1586.wav,0.04
clip_piano1587.wav,0.061
clip_piano1588.wav,0.082
clip_piano1589.wav,0.103
clip_piano1590.wav,0.124
clip_piano1591.wav,0.145
clip_piano1592.wav,0.166
clip_piano1593.wav,0.187
clip_piano1594.wav,0.208
clip_piano1595.wav,0.229
clip_piano1596.wav,0.249
clip_piano1597.wav,0.27
clip_piano1598.wav,0.291
clip_piano1599.wav,0.312
clip_piano1600.wav,0.333
clip_piano1601.wav,0.354
clip_piano1602.wav,0.375
clip_piano1603.wav,0.396
clip_piano1604.wav,0.417
clip_piano1605.wav,0.438
clip_piano1606.wav,0.459
clip_piano1607.wav,0.48
clip_piano1608.wav,0.501
clip_piano1609.wav,0.522
clip_piano1610.wav,0.543
clip_piano1611.wav,0.564
clip_piano1612.wav,0.585
clip_piano1613.wav,0.605
clip_piano1614.wav,0.626
clip_piano1615.wav,0.647
clip_piano1616.wav,0.668
clip_piano1617.wav,0.689
clip_piano1618.wav,0.71
clip_piano1619.wav,0.731
clip_piano1620.wav,0.752
clip_piano1621.wav,0.773
clip_piano1622.wav,0.794
clip_piano1623.wav,0.815
clip_piano1624.wav,0.836
clip_piano1625.wav,0.857
clip_piano1626.wav,0.878
clip_piano1627.wav,0.899
clip_piano1628.wav,0.92
clip_piano1629.wav,0.941
clip_piano1630.wav,0.962
clip_piano1631.wav,0.982
clip_piano1632.wav,1.003
clip_piano1633.wav,1.024
clip_piano1634.wav,1.045
clip_piano1635.wav,1.066
clip_piano1636.wav,1.087
clip_piano1637.wav,1.108
clip_piano1638.wav,1.129
clip_piano1639.wav,1.15
clip_piano1640.wav,1.171
clip_piano1641.wav,1.192
clip_piano1642.wav,1.213
clip_piano1643.wav,1.234
clip_piano1644.wav,1.255
clip_piano1645.wav,1.276
clip_piano1646.wav,1.297
clip_piano1647.wav,1.318
clip_piano1648.wav,1.339
clip_piano1649.wav,1.359
clip_piano1650.wav,1.38
clip_piano1651.wav,1.401
clip_piano1652.wav,1.422
clip_piano1653.wav,1.443
clip_piano1654.wav,1.464
clip_piano1655.wav,1.485
clip_piano1656.wav,1.506
clip_piano1657.wav,1.527
clip_piano1658.wav,1.548
clip_piano1659.wav,1.569
clip_piano1660.wav,1.59
clip_piano1661.wav,1.611
clip_piano1662.wav,1.632
clip_piano1663.wav,1.653
clip_piano1664.wav,1.674
clip_piano1665.wav,1.695
clip_piano1666.wav,1.716
clip_piano1667.wav,1.736
clip_piano1668.wav,1.757
clip_piano1669.wav,1.778
clip_piano1670.wav,1.799
clip_piano1671.wav,1.82
clip_piano1672.wav,1.841
clip_piano1673.wav,1.862
clip_piano1674.wav,1.883
clip_piano1675.wav,1.904
clip_piano1676.wav,1.925
clip_piano1677.wav,1.946
clip_piano1678.wav,1.967
clip_piano1679.wav,1.988
clip_piano1680.wav,2.009
clip_piano1681.wav,2.03
clip_piano1682.wav,2.051
clip_piano1683.wav,2.072
clip_piano1684.wav,2.093
clip_piano1685.wav,2.113
clip_piano1686.wav,2.134
clip_piano1687.wav,2.155
clip_piano1688.wav,2.176
clip_piano1689.wav,2.197
clip_piano1690.wav,2.218
clip_piano1691.wav,2.239
clip_piano1692.wav,2.26
clip_piano1693.wav,2.281
clip_piano1694.wav,2.302
clip_piano1695.wav,2.323
clip_piano1696.wav,2.344
clip_piano1697.wav,2.365
clip_piano1698.wav,2.386
clip_piano1699.wav,2.407
clip_piano1700.wav,2.428
clip_piano1701.wav,2.449
clip_piano1702.wav,2.47
clip_piano1703.wav,2.49
clip_piano1704.wav,2.511
clip_piano1705.wav,2.532
clip_piano1706.wav,2.553
clip_piano1707.wav,2.574
clip_piano1708.wav,2.595
clip_piano1709.wav,2.616
clip_piano1710.wav,2.637
clip_piano1711.wav,2.658
clip_piano1712.wav,2.679
clip_piano1713.wav,2.7
clip_piano1714.wav,2.721
clip_piano1715.wav,2.742
clip_piano1716.wav,2.763
clip_piano1717.wav,2.784
clip_piano1718.wav,2.805
clip_piano1719.wav,2.826
clip_piano1720.wav,2.846
clip_piano1721.wav,2.867
clip_piano1722.wav,2.888
clip_piano1723.wav,2.909
clip_piano1724.wav,2.93
clip_piano1725.wav,2.951
clip_piano1726.wav,2.972
clip_piano1727.wav,2.993
clip_piano1728.wav,3.014
clip_piano1729.wav,3.035
clip_piano1730.wav,3.056
clip_piano1731.wav,3.077
clip_piano1732.wav,3.098
clip_piano1733.wav,3.119
clip_piano1734.wav,3.14
clip_piano1735.wav,3.161
clip_piano1736.wav,3.182
clip_piano1737.wav,3.203
clip_piano1738.wav,3.223
clip_piano1739.wav,3.244
clip_piano1740.wav,3.265
clip_piano1741.wav,3.286
clip_piano1742.wav,3.307
clip_piano1743.wav,3.328
clip_piano1744.wav,3.349
clip_piano1745.wav,3.37
clip_piano1746.wav,3.391
clip_piano1747.wav,3.412
clip_piano1748.wav,3.433
clip_piano1749.wav,3.454
clip_piano1750.wav,3.475
clip_piano1751.wav,3.496
clip_piano1752.wav,3.517
clip_piano1753.wav,3.538
clip_piano1754.wav,3.559
clip_piano1755.wav,3.58
clip_piano1756.wav,3.6
clip_piano1757.wav,3.621
clip_piano1758.wav,3.642
clip_piano1759.wav,3.663
clip_piano1760.wav,3.684
clip_piano1761.wav,3.705
clip_piano1762.wav,3.726
clip_piano1763.wav,3.747
clip_piano1764.wav,3.768
clip_piano1765.wav,3.789
clip_piano1766.wav,3.81
clip_piano1767.wav,3.831
clip_piano1768.wav,3.852
clip_piano1769.wav,3.873
clip_piano1770.wav,3.894
clip_piano1771.wav,3.915
clip_piano1772.wav,3.936
clip_piano1773.wav,3.957
clip_piano1774.wav,3.977
clip_piano1775.wav,3.998
clip_piano1776.wav,4.019
clip_piano1777.wav,4.04
clip_piano1778.wav,4.061
clip_piano1779.wav,4.082
clip_piano1780.wav,4.103
clip_piano1781.wav,4.124
clip_piano1782.wav,4.145
clip_piano1783.wav,4.166
clip_piano1784.wav,4.187
clip_piano1785.wav,4.208
clip_piano1786.wav,4.229
clip_piano1787.wav,4.25
clip_piano1788.wav,4.271
clip_piano1789.wav,4.292
clip_piano1790.wav,4.313
clip_piano1791.wav,4.334
clip_piano1792.wav,4.354
clip_piano1793.wav,4.375
clip_piano1794.wav,4.396
clip_piano1795.wav,4.417
clip_piano1796.wav,4.438
clip_piano1797.wav,4.459
clip_piano1798.wav,4.48
clip_piano1799.wav,4.501
clip_piano1800.wav,4.522
clip_piano1801.wav,4.543
clip_piano1802.wav,4.564
clip_piano1803.wav,4.585
clip_piano1804.wav,4.606
clip_piano1805.wav,4.627
clip_piano1806.wav,4.648
clip_piano1807.wav,4.669
